,0
0,ACTS
1,ACAD
2,CAM
3,ANY
4,ENG
5,CCUR
6,ERS
7,SCOR
8,ENT
9,GAME
10,AGEN
11,ACT
12,FORM
13,BOOM
14,CALL
15,CAR
16,COMM
17,DAVE
18,AWAY
19,COOL
20,ELON
21,CASH
22,CHI
23,ALL
24,DATE
25,LIVE
26,BIN
27,HAS
28,VIEW
29,SHOR
30,MORN
31,DOC
32,AIN
33,NICEMAR
34,TRUE
35,LION
36,BIG
37,FUND
38,WIN
39,AHH
40,ELSE
41,CENT
42,AFT
43,RAND
44,GOOD
45,ACC
46,FREE
47,NOW
48,ARE
49,LONG
50,ESS
51,PRE
52,FAM
53,CERN
54,TUBE
55,NSP
56,DRIV
57,ARG
58,MORE
59,LEG
60,FISH
61,ESSA
62,LOCK
63,AIR
64,EVER
65,COST
66,EARS
67,OUT
68,PAR
69,HEAR
70,FIG
71,PEOP
72,STO
73,MON
74,BIND
75,LINE
76,ISH
77,TREE
78,FAST
79,FUL
80,BEAT
81,NAME
82,FOR
83,CRY
84,EXPO
85,ROCK
86,SHOO
87,PLAY
88,ELS
89,ELP
90,ESE
91,BIT
92,ING
93,LOOK
94,MEET
95,GROW
96,SHIP
97,ASH
98,INT
99,NEWS
100,FIVE
101,CUBA
102,ANN
103,FLAT
104,FLY
105,LOW
106,HALL
107,GOLD
108,STAY
109,TOO
110,PLUG
111,CAMP
112,BLUE
113,STEM
114,BEE
115,STAR
116,SEE
117,LAKE
118,MIND
119,ICE
120,CALM
121,SAVE
122,LAWS
123,BID
124,STR
125,TECH
126,TRIP
127,LAND
128,FUEL
129,HILL
130,FULL
131,ONE
132,CORE
133,EAT
134,GOV
135,TEN
136,CONN
137,ORIG
138,TYPE
139,NERV
140,JACK
141,FUN
142,USA
143,HERO
144,THOR
145,EMO
146,FOLD
147,RICK
148,TAST
149,CLUB
150,NEE
151,KEY
152,EYES
153,GLAD
154,TOPS
155,AGO
156,CHOP
157,ROLL
158,SAGE
159,SPIL
160,PLUS
161,WAT
162,ICONMUS
163,SONS
164,DOOR
165,MIN
166,CUZ
167,GIGA
168,SPOK
169,CRIS
170,CAKE
171,POOL
172,FATE
173,FARM
174,TIME
175,CONE
176,FUNC
177,BREW
